bin,count,mean_confidence,observed_accuracy,abs_gap
"(0.2, 0.3]",1,0.298,0.0,0.298
"(0.3, 0.4]",3,0.334,0.0,0.334
"(0.4, 0.5]",4,0.42774999999999996,0.0,0.42774999999999996
"(0.5, 0.6]",7,0.6,0.0,0.6
"(0.7, 0.8]",39,0.7598717948717948,0.6923076923076923,0.0675641025641025
"(0.8, 0.9]",114,0.8513157894736841,0.7017543859649122,0.1495614035087719
"(0.9, 1.0]",152,0.9602368421052633,0.46710526315789475,0.49313157894736853
